dataset,setting,model,task,display_name,value
aariz,1shot,InternVL3_5-1B-HF,aariz_cvm,CVM (Acc),0.095
aariz,1shot,InternVL3_5-1B-HF,aariz_vqa,VQA (Acc),0.21
aariz,1shot,InternVL3_5-2B-HF,aariz_cvm,CVM (Acc),0.048
aariz,1shot,InternVL3_5-2B-HF,aariz_vqa,VQA (Acc),0.202
aariz,1shot,Lingshu-32B,aariz_cvm,CVM (Acc),0.468
aariz,1shot,Lingshu-32B,aariz_vqa,VQA (Acc),0.403
aariz,1shot,MedMO-8B-Next,aariz_cvm,CVM (Acc),0.325
aariz,1shot,MedMO-8B-Next,aariz_vqa,VQA (Acc),0.194
aariz,1shot,Qwen2.5-VL-7B-Instruct,aariz_cvm,CVM (Acc),0.238
aariz,1shot,Qwen2.5-VL-7B-Instruct,aariz_vqa,VQA (Acc),0.281
aariz,1shot,Qwen3-VL-4B-Instruct,aariz_cvm,CVM (Acc),0.429
aariz,1shot,Qwen3-VL-4B-Instruct,aariz_vqa,VQA (Acc),0.397
aariz,1shot,Qwen3.5-4B,aariz_cvm,CVM (Acc),0.175
aariz,1shot,Qwen3.5-4B,aariz_vqa,VQA (Acc),0.173
aariz,1shot,SmolVLM2-2.2B-Instruct,aariz_cvm,CVM (Acc),0.048
aariz,1shot,SmolVLM2-2.2B-Instruct,aariz_vqa,VQA (Acc),0.225
aariz,1shot,dentalgemma-1.5-4b-it,aariz_cvm,CVM (Acc),0.468
aariz,1shot,dentalgemma-1.5-4b-it,aariz_vqa,VQA (Acc),0.376
aariz,1shot,gemini-2.0-flash,aariz_cvm,CVM (Acc),0.444
aariz,1shot,gemini-2.0-flash,aariz_vqa,VQA (Acc),0.36
aariz,1shot,gemini-2.5-flash,aariz_cvm,CVM (Acc),0.194
aariz,1shot,gemini-2.5-flash,aariz_vqa,VQA (Acc),0.28
aariz,1shot,gemma-4-E2B-it,aariz_cvm,CVM (Acc),0.048
aariz,1shot,gemma-4-E2B-it,aariz_vqa,VQA (Acc),0.383
aariz,1shot,gemma-4-E4B-it,aariz_cvm,CVM (Acc),0.46
aariz,1shot,gemma-4-E4B-it,aariz_vqa,VQA (Acc),0.417
aariz,1shot,medgemma-4b-it,aariz_cvm,CVM (Acc),0.357
aariz,1shot,medgemma-4b-it,aariz_vqa,VQA (Acc),0.405
aariz,2shot,InternVL3_5-1B-HF,aariz_cvm,CVM (Acc),0.238
aariz,2shot,InternVL3_5-1B-HF,aariz_vqa,VQA (Acc),0.21
aariz,2shot,InternVL3_5-2B-HF,aariz_cvm,CVM (Acc),0.048
aariz,2shot,InternVL3_5-2B-HF,aariz_vqa,VQA (Acc),0.216
aariz,2shot,Lingshu-32B,aariz_cvm,CVM (Acc),0.468
aariz,2shot,Lingshu-32B,aariz_vqa,VQA (Acc),0.356
aariz,2shot,MedMO-8B-Next,aariz_cvm,CVM (Acc),0.23
aariz,2shot,MedMO-8B-Next,aariz_vqa,VQA (Acc),0.146
aariz,2shot,Qwen2.5-VL-7B-Instruct,aariz_cvm,CVM (Acc),0.103
aariz,2shot,Qwen2.5-VL-7B-Instruct,aariz_vqa,VQA (Acc),0.248
aariz,2shot,Qwen3-VL-4B-Instruct,aariz_cvm,CVM (Acc),0.262
aariz,2shot,Qwen3-VL-4B-Instruct,aariz_vqa,VQA (Acc),0.249
aariz,2shot,Qwen3.5-4B,aariz_cvm,CVM (Acc),0.159
aariz,2shot,Qwen3.5-4B,aariz_vqa,VQA (Acc),0.175
aariz,2shot,SmolVLM2-2.2B-Instruct,aariz_cvm,CVM (Acc),0.048
aariz,2shot,SmolVLM2-2.2B-Instruct,aariz_vqa,VQA (Acc),0.225
aariz,2shot,dentalgemma-1.5-4b-it,aariz_cvm,CVM (Acc),0.111
aariz,2shot,dentalgemma-1.5-4b-it,aariz_vqa,VQA (Acc),0.343
aariz,2shot,gemini-2.0-flash,aariz_cvm,CVM (Acc),0.325
aariz,2shot,gemini-2.0-flash,aariz_vqa,VQA (Acc),0.387
aariz,2shot,gemini-2.5-flash,aariz_cvm,CVM (Acc),0.227
aariz,2shot,gemini-2.5-flash,aariz_vqa,VQA (Acc),0.237
aariz,2shot,gemma-4-E2B-it,aariz_cvm,CVM (Acc),0.048
aariz,2shot,gemma-4-E2B-it,aariz_vqa,VQA (Acc),0.217
aariz,2shot,gemma-4-E4B-it,aariz_cvm,CVM (Acc),0.048
aariz,2shot,gemma-4-E4B-it,aariz_vqa,VQA (Acc),0.411
aariz,2shot,medgemma-4b-it,aariz_cvm,CVM (Acc),0.254
aariz,2shot,medgemma-4b-it,aariz_vqa,VQA (Acc),0.208
aariz,baseline,InternVL3_5-1B-HF,aariz_cvm,CVM (Acc),0.071
aariz,baseline,InternVL3_5-1B-HF,aariz_vqa,VQA (Acc),0.21
aariz,baseline,InternVL3_5-2B-HF,aariz_cvm,CVM (Acc),0.0
aariz,baseline,InternVL3_5-2B-HF,aariz_vqa,VQA (Acc),0.373
aariz,baseline,Lingshu-32B,aariz_cvm,CVM (Acc),0.127
aariz,baseline,Lingshu-32B,aariz_vqa,VQA (Acc),0.256
aariz,baseline,MedMO-8B-Next,aariz_cvm,CVM (Acc),0.048
aariz,baseline,MedMO-8B-Next,aariz_vqa,VQA (Acc),0.214
aariz,baseline,Qwen2.5-VL-7B-Instruct,aariz_cvm,CVM (Acc),0.0
aariz,baseline,Qwen2.5-VL-7B-Instruct,aariz_vqa,VQA (Acc),0.2
aariz,baseline,Qwen3-VL-4B-Instruct,aariz_cvm,CVM (Acc),0.079
aariz,baseline,Qwen3-VL-4B-Instruct,aariz_vqa,VQA (Acc),0.225
aariz,baseline,Qwen3.5-4B,aariz_cvm,CVM (Acc),0.04
aariz,baseline,Qwen3.5-4B,aariz_vqa,VQA (Acc),0.175
aariz,baseline,SmolVLM2-2.2B-Instruct,aariz_cvm,CVM (Acc),0.048
aariz,baseline,SmolVLM2-2.2B-Instruct,aariz_vqa,VQA (Acc),0.225
aariz,baseline,dentalgemma-1.5-4b-it,aariz_cvm,CVM (Acc),0.032
aariz,baseline,dentalgemma-1.5-4b-it,aariz_vqa,VQA (Acc),0.381
aariz,baseline,gemini-2.0-flash,aariz_cvm,CVM (Acc),0.254
aariz,baseline,gemini-2.0-flash,aariz_vqa,VQA (Acc),0.294
aariz,baseline,gemini-2.5-flash,aariz_cvm,CVM (Acc),0.119
aariz,baseline,gemini-2.5-flash,aariz_vqa,VQA (Acc),0.225
aariz,baseline,gemma-4-E2B-it,aariz_cvm,CVM (Acc),0.032
aariz,baseline,gemma-4-E2B-it,aariz_vqa,VQA (Acc),0.389
aariz,baseline,gemma-4-E4B-it,aariz_cvm,CVM (Acc),0.04
aariz,baseline,gemma-4-E4B-it,aariz_vqa,VQA (Acc),0.308
aariz,baseline,medgemma-4b-it,aariz_cvm,CVM (Acc),0.032
aariz,baseline,medgemma-4b-it,aariz_vqa,VQA (Acc),0.397
aariz,baseline,paligemma2-3b-mix-448,aariz_cvm,CVM (Acc),0.032
aariz,baseline,paligemma2-3b-mix-448,aariz_vqa,VQA (Acc),0.203
aariz,sft,InternVL3_5-1B-HF,aariz_cvm,CVM (Acc),0.468
aariz,sft,InternVL3_5-1B-HF,aariz_vqa,VQA (Acc),0.589
aariz,sft,InternVL3_5-2B-HF,aariz_cvm,CVM (Acc),0.468
aariz,sft,InternVL3_5-2B-HF,aariz_vqa,VQA (Acc),0.589
aariz,sft,Lingshu-32B,aariz_cvm,CVM (Acc),0.468
aariz,sft,Lingshu-32B,aariz_vqa,VQA (Acc),0.59
aariz,sft,MedMO-8B-Next,aariz_cvm,CVM (Acc),0.468
aariz,sft,MedMO-8B-Next,aariz_vqa,VQA (Acc),0.589
aariz,sft,Qwen2.5-VL-7B-Instruct,aariz_cvm,CVM (Acc),0.468
aariz,sft,Qwen2.5-VL-7B-Instruct,aariz_vqa,VQA (Acc),0.589
aariz,sft,Qwen3-VL-4B-Instruct,aariz_cvm,CVM (Acc),0.468
aariz,sft,Qwen3-VL-4B-Instruct,aariz_vqa,VQA (Acc),0.589
aariz,sft,Qwen3.5-4B,aariz_cvm,CVM (Acc),0.16
aariz,sft,Qwen3.5-4B,aariz_vqa,VQA (Acc),0.229
aariz,sft,SmolVLM2-2.2B-Instruct,aariz_cvm,CVM (Acc),0.27
aariz,sft,SmolVLM2-2.2B-Instruct,aariz_vqa,VQA (Acc),0.594
aariz,sft,dentalgemma-1.5-4b-it,aariz_cvm,CVM (Acc),0.468
aariz,sft,dentalgemma-1.5-4b-it,aariz_vqa,VQA (Acc),0.589
aariz,sft,gemma-4-E2B-it,aariz_cvm,CVM (Acc),0.468
aariz,sft,gemma-4-E2B-it,aariz_vqa,VQA (Acc),0.587
aariz,sft,gemma-4-E4B-it,aariz_cvm,CVM (Acc),0.5
aariz,sft,gemma-4-E4B-it,aariz_vqa,VQA (Acc),0.569
aariz,sft,medgemma-4b-it,aariz_cvm,CVM (Acc),0.468
aariz,sft,medgemma-4b-it,aariz_vqa,VQA (Acc),0.589
aariz,sft,paligemma2-3b-mix-448,aariz_cvm,CVM (Acc),0.467
aariz,sft,paligemma2-3b-mix-448,aariz_vqa,VQA (Acc),0.432
brar,1shot,InternVL3_5-1B-HF,brar_classification,BRAR (Acc),0.174
brar,1shot,InternVL3_5-2B-HF,brar_classification,BRAR (Acc),0.57
brar,1shot,Lingshu-32B,brar_classification,BRAR (Acc),0.195
brar,1shot,MedMO-8B-Next,brar_classification,BRAR (Acc),0.174
brar,1shot,Qwen2.5-VL-7B-Instruct,brar_classification,BRAR (Acc),0.302
brar,1shot,Qwen3-VL-4B-Instruct,brar_classification,BRAR (Acc),0.195
brar,1shot,Qwen3.5-4B,brar_classification,BRAR (Acc),0.174
brar,1shot,SmolVLM2-2.2B-Instruct,brar_classification,BRAR (Acc),0.248
brar,1shot,dentalgemma-1.5-4b-it,brar_classification,BRAR (Acc),0.383
brar,1shot,gemini-2.0-flash,brar_classification,BRAR (Acc),0.456
brar,1shot,gemini-2.5-flash,brar_classification,BRAR (Acc),0.304
brar,1shot,gemma-4-E2B-it,brar_classification,BRAR (Acc),0.57
brar,1shot,gemma-4-E4B-it,brar_classification,BRAR (Acc),0.51
brar,1shot,medgemma-4b-it,brar_classification,BRAR (Acc),0.174
brar,2shot,InternVL3_5-1B-HF,brar_classification,BRAR (Acc),0.564
brar,2shot,InternVL3_5-2B-HF,brar_classification,BRAR (Acc),0.564
brar,2shot,Lingshu-32B,brar_classification,BRAR (Acc),0.383
brar,2shot,MedMO-8B-Next,brar_classification,BRAR (Acc),0.564
brar,2shot,Qwen2.5-VL-7B-Instruct,brar_classification,BRAR (Acc),0.342
brar,2shot,Qwen3-VL-4B-Instruct,brar_classification,BRAR (Acc),0.309
brar,2shot,Qwen3.5-4B,brar_classification,BRAR (Acc),0.208
brar,2shot,SmolVLM2-2.2B-Instruct,brar_classification,BRAR (Acc),0.564
brar,2shot,dentalgemma-1.5-4b-it,brar_classification,BRAR (Acc),0.369
brar,2shot,gemini-2.0-flash,brar_classification,BRAR (Acc),0.369
brar,2shot,gemini-2.5-flash,brar_classification,BRAR (Acc),0.291
brar,2shot,gemma-4-E2B-it,brar_classification,BRAR (Acc),0.564
brar,2shot,gemma-4-E4B-it,brar_classification,BRAR (Acc),0.403
brar,2shot,medgemma-4b-it,brar_classification,BRAR (Acc),0.564
brar,baseline,InternVL3_5-1B-HF,brar_classification,BRAR (Acc),0.262
brar,baseline,InternVL3_5-2B-HF,brar_classification,BRAR (Acc),0.503
brar,baseline,Lingshu-32B,brar_classification,BRAR (Acc),0.49
brar,baseline,MedMO-8B-Next,brar_classification,BRAR (Acc),0.255
brar,baseline,Qwen2.5-VL-7B-Instruct,brar_classification,BRAR (Acc),0.268
brar,baseline,Qwen3-VL-4B-Instruct,brar_classification,BRAR (Acc),0.443
brar,baseline,Qwen3.5-4B,brar_classification,BRAR (Acc),0.174
brar,baseline,SmolVLM2-2.2B-Instruct,brar_classification,BRAR (Acc),0.564
brar,baseline,dentalgemma-1.5-4b-it,brar_classification,BRAR (Acc),0.376
brar,baseline,gemini-2.0-flash,brar_classification,BRAR (Acc),0.57
brar,baseline,gemini-2.5-flash,brar_classification,BRAR (Acc),0.272
brar,baseline,gemma-4-E2B-it,brar_classification,BRAR (Acc),0.564
brar,baseline,gemma-4-E4B-it,brar_classification,BRAR (Acc),0.557
brar,baseline,medgemma-4b-it,brar_classification,BRAR (Acc),0.443
brar,baseline,paligemma2-3b-mix-448,brar_classification,BRAR (Acc),0.103
brar,sft,InternVL3_5-1B-HF,brar_classification,BRAR (Acc),0.242
brar,sft,InternVL3_5-2B-HF,brar_classification,BRAR (Acc),0.51
brar,sft,Lingshu-32B,brar_classification,BRAR (Acc),0.577
brar,sft,MedMO-8B-Next,brar_classification,BRAR (Acc),0.416
brar,sft,Qwen2.5-VL-7B-Instruct,brar_classification,BRAR (Acc),0.537
brar,sft,Qwen3-VL-4B-Instruct,brar_classification,BRAR (Acc),0.57
brar,sft,Qwen3.5-4B,brar_classification,BRAR (Acc),0.201
brar,sft,SmolVLM2-2.2B-Instruct,brar_classification,BRAR (Acc),0.503
brar,sft,dentalgemma-1.5-4b-it,brar_classification,BRAR (Acc),0.584
brar,sft,gemma-4-E2B-it,brar_classification,BRAR (Acc),0.262
brar,sft,gemma-4-E4B-it,brar_classification,BRAR (Acc),0.564
brar,sft,medgemma-4b-it,brar_classification,BRAR (Acc),0.503
brar,sft,paligemma2-3b-mix-448,brar_classification,BRAR (Acc),0.297
code,1shot,InternVL3_5-1B-HF,code_classification,Cls (Acc),0.263
code,1shot,InternVL3_5-1B-HF,code_report,Report (METEOR),0.015
code,1shot,InternVL3_5-2B-HF,code_classification,Cls (Acc),0.207
code,1shot,InternVL3_5-2B-HF,code_report,Report (METEOR),0.029
code,1shot,Lingshu-32B,code_classification,Cls (Acc),0.54
code,1shot,Lingshu-32B,code_report,Report (METEOR),0.292
code,1shot,MedMO-8B-Next,code_classification,Cls (Acc),0.307
code,1shot,MedMO-8B-Next,code_report,Report (METEOR),0.28
code,1shot,Qwen2.5-VL-7B-Instruct,code_classification,Cls (Acc),0.513
code,1shot,Qwen2.5-VL-7B-Instruct,code_report,Report (METEOR),0.168
code,1shot,Qwen3-VL-4B-Instruct,code_classification,Cls (Acc),0.518
code,1shot,Qwen3-VL-4B-Instruct,code_report,Report (METEOR),0.245
code,1shot,Qwen3.5-4B,code_classification,Cls (Acc),0.187
code,1shot,Qwen3.5-4B,code_report,Report (METEOR),0.142
code,1shot,SmolVLM2-2.2B-Instruct,code_classification,Cls (Acc),0.236
code,1shot,SmolVLM2-2.2B-Instruct,code_report,Report (METEOR),0.255
code,1shot,dentalgemma-1.5-4b-it,code_classification,Cls (Acc),0.273
code,1shot,dentalgemma-1.5-4b-it,code_report,Report (METEOR),0.126
code,1shot,gemini-2.0-flash,code_classification,Cls (Acc),0.562
code,1shot,gemini-2.0-flash,code_report,Report (METEOR),0.168
code,1shot,gemini-2.5-flash,code_classification,Cls (Acc),0.534
code,1shot,gemini-2.5-flash,code_report,Report (METEOR),0.03
code,1shot,gemma-4-E2B-it,code_classification,Cls (Acc),0.423
code,1shot,gemma-4-E2B-it,code_report,Report (METEOR),0.148
code,1shot,gemma-4-E4B-it,code_classification,Cls (Acc),0.508
code,1shot,gemma-4-E4B-it,code_report,Report (METEOR),0.153
code,1shot,medgemma-4b-it,code_classification,Cls (Acc),0.305
code,1shot,medgemma-4b-it,code_report,Report (METEOR),0.168
code,2shot,InternVL3_5-1B-HF,code_classification,Cls (Acc),0.231
code,2shot,InternVL3_5-1B-HF,code_report,Report (METEOR),0.025
code,2shot,InternVL3_5-2B-HF,code_classification,Cls (Acc),0.208
code,2shot,InternVL3_5-2B-HF,code_report,Report (METEOR),0.031
code,2shot,Lingshu-32B,code_classification,Cls (Acc),0.543
code,2shot,Lingshu-32B,code_report,Report (METEOR),0.301
code,2shot,MedMO-8B-Next,code_classification,Cls (Acc),0.39
code,2shot,MedMO-8B-Next,code_report,Report (METEOR),0.277
code,2shot,Qwen2.5-VL-7B-Instruct,code_classification,Cls (Acc),0.51
code,2shot,Qwen2.5-VL-7B-Instruct,code_report,Report (METEOR),0.176
code,2shot,Qwen3-VL-4B-Instruct,code_classification,Cls (Acc),0.593
code,2shot,Qwen3-VL-4B-Instruct,code_report,Report (METEOR),0.271
code,2shot,Qwen3.5-4B,code_classification,Cls (Acc),0.191
code,2shot,Qwen3.5-4B,code_report,Report (METEOR),0.121
code,2shot,dentalgemma-1.5-4b-it,code_classification,Cls (Acc),0.36
code,2shot,dentalgemma-1.5-4b-it,code_report,Report (METEOR),0.095
code,2shot,gemini-2.0-flash,code_classification,Cls (Acc),0.538
code,2shot,gemini-2.0-flash,code_report,Report (METEOR),0.177
code,2shot,gemini-2.5-flash,code_classification,Cls (Acc),0.529
code,2shot,gemini-2.5-flash,code_report,Report (METEOR),0.04
code,2shot,gemma-4-E2B-it,code_classification,Cls (Acc),0.507
code,2shot,gemma-4-E2B-it,code_report,Report (METEOR),0.152
code,2shot,gemma-4-E4B-it,code_classification,Cls (Acc),0.54
code,2shot,gemma-4-E4B-it,code_report,Report (METEOR),0.16
code,2shot,medgemma-4b-it,code_classification,Cls (Acc),0.413
code,2shot,medgemma-4b-it,code_report,Report (METEOR),0.236
code,baseline,InternVL3_5-1B-HF,code_classification,Cls (Acc),0.206
code,baseline,InternVL3_5-1B-HF,code_report,Report (METEOR),0.026
code,baseline,InternVL3_5-2B-HF,code_classification,Cls (Acc),0.17
code,baseline,InternVL3_5-2B-HF,code_report,Report (METEOR),0.021
code,baseline,Lingshu-32B,code_classification,Cls (Acc),0.507
code,baseline,Lingshu-32B,code_report,Report (METEOR),0.269
code,baseline,MedMO-8B-Next,code_classification,Cls (Acc),0.3
code,baseline,MedMO-8B-Next,code_report,Report (METEOR),0.06
code,baseline,Qwen2.5-VL-7B-Instruct,code_classification,Cls (Acc),0.52
code,baseline,Qwen2.5-VL-7B-Instruct,code_report,Report (METEOR),0.173
code,baseline,Qwen3-VL-4B-Instruct,code_classification,Cls (Acc),0.555
code,baseline,Qwen3-VL-4B-Instruct,code_report,Report (METEOR),0.219
code,baseline,Qwen3.5-4B,code_classification,Cls (Acc),0.192
code,baseline,Qwen3.5-4B,code_report,Report (METEOR),0.111
code,baseline,SmolVLM2-2.2B-Instruct,code_classification,Cls (Acc),0.205
code,baseline,SmolVLM2-2.2B-Instruct,code_report,Report (METEOR),0.17
code,baseline,dentalgemma-1.5-4b-it,code_classification,Cls (Acc),0.366
code,baseline,dentalgemma-1.5-4b-it,code_report,Report (METEOR),0.155
code,baseline,gemini-2.0-flash,code_classification,Cls (Acc),0.56
code,baseline,gemini-2.0-flash,code_report,Report (METEOR),0.158
code,baseline,gemini-2.5-flash,code_classification,Cls (Acc),0.597
code,baseline,gemini-2.5-flash,code_report,Report (METEOR),0.018
code,baseline,gemma-4-E2B-it,code_classification,Cls (Acc),0.514
code,baseline,gemma-4-E2B-it,code_report,Report (METEOR),0.147
code,baseline,gemma-4-E4B-it,code_classification,Cls (Acc),0.531
code,baseline,gemma-4-E4B-it,code_report,Report (METEOR),0.15
code,baseline,medgemma-4b-it,code_classification,Cls (Acc),0.33
code,baseline,medgemma-4b-it,code_report,Report (METEOR),0.154
code,baseline,paligemma2-3b-mix-448,code_classification,Cls (Acc),0.0
code,baseline,paligemma2-3b-mix-448,code_report,Report (METEOR),0.025
code,sft,InternVL3_5-1B-HF,code_classification,Cls (Acc),0.8
code,sft,InternVL3_5-1B-HF,code_report,Report (METEOR),0.532
code,sft,InternVL3_5-2B-HF,code_classification,Cls (Acc),0.813
code,sft,InternVL3_5-2B-HF,code_report,Report (METEOR),0.544
code,sft,Lingshu-32B,code_classification,Cls (Acc),0.818
code,sft,Lingshu-32B,code_report,Report (METEOR),0.567
code,sft,MedMO-8B-Next,code_classification,Cls (Acc),0.813
code,sft,MedMO-8B-Next,code_report,Report (METEOR),0.551
code,sft,Qwen2.5-VL-7B-Instruct,code_classification,Cls (Acc),0.803
code,sft,Qwen2.5-VL-7B-Instruct,code_report,Report (METEOR),0.566
code,sft,Qwen3-VL-4B-Instruct,code_classification,Cls (Acc),0.798
code,sft,Qwen3-VL-4B-Instruct,code_report,Report (METEOR),0.561
code,sft,Qwen3.5-4B,code_classification,Cls (Acc),0.462
code,sft,Qwen3.5-4B,code_report,Report (METEOR),0.444
code,sft,SmolVLM2-2.2B-Instruct,code_classification,Cls (Acc),0.785
code,sft,SmolVLM2-2.2B-Instruct,code_report,Report (METEOR),0.525
code,sft,dentalgemma-1.5-4b-it,code_classification,Cls (Acc),0.815
code,sft,dentalgemma-1.5-4b-it,code_report,Report (METEOR),0.56
code,sft,gemma-4-E2B-it,code_classification,Cls (Acc),0.8
code,sft,gemma-4-E2B-it,code_report,Report (METEOR),0.494
code,sft,gemma-4-E4B-it,code_classification,Cls (Acc),0.815
code,sft,gemma-4-E4B-it,code_report,Report (METEOR),0.55
code,sft,medgemma-4b-it,code_classification,Cls (Acc),0.803
code,sft,medgemma-4b-it,code_report,Report (METEOR),0.556
code,sft,paligemma2-3b-mix-448,code_classification,Cls (Acc),0.75
code,sft,paligemma2-3b-mix-448,code_report,Report (METEOR),0.462
denpar,1shot,InternVL3_5-1B-HF,denpar_arch,Arch (Acc),0.605
denpar,1shot,InternVL3_5-1B-HF,denpar_count,Count (Acc),0.285
denpar,1shot,InternVL3_5-1B-HF,denpar_site,Site (Acc),0.35
denpar,1shot,InternVL3_5-2B-HF,denpar_arch,Arch (Acc),0.395
denpar,1shot,InternVL3_5-2B-HF,denpar_count,Count (Acc),0.005
denpar,1shot,InternVL3_5-2B-HF,denpar_site,Site (Acc),0.36
denpar,1shot,Lingshu-32B,denpar_arch,Arch (Acc),0.66
denpar,1shot,Lingshu-32B,denpar_count,Count (Acc),0.34
denpar,1shot,Lingshu-32B,denpar_site,Site (Acc),0.355
denpar,1shot,MedMO-8B-Next,denpar_arch,Arch (Acc),0.605
denpar,1shot,MedMO-8B-Next,denpar_count,Count (Acc),0.2
denpar,1shot,MedMO-8B-Next,denpar_site,Site (Acc),0.35
denpar,1shot,Qwen2.5-VL-7B-Instruct,denpar_arch,Arch (Acc),0.395
denpar,1shot,Qwen2.5-VL-7B-Instruct,denpar_count,Count (Acc),0.265
denpar,1shot,Qwen2.5-VL-7B-Instruct,denpar_site,Site (Acc),0.405
denpar,1shot,Qwen3-VL-4B-Instruct,denpar_arch,Arch (Acc),0.605
denpar,1shot,Qwen3-VL-4B-Instruct,denpar_count,Count (Acc),0.465
denpar,1shot,Qwen3-VL-4B-Instruct,denpar_site,Site (Acc),0.44
denpar,1shot,Qwen3.5-4B,denpar_arch,Arch (Acc),0.395
denpar,1shot,Qwen3.5-4B,denpar_count,Count (Acc),0.025
denpar,1shot,Qwen3.5-4B,denpar_site,Site (Acc),0.35
denpar,1shot,SmolVLM2-2.2B-Instruct,denpar_arch,Arch (Acc),0.605
denpar,1shot,SmolVLM2-2.2B-Instruct,denpar_count,Count (Acc),0.355
denpar,1shot,SmolVLM2-2.2B-Instruct,denpar_site,Site (Acc),0.26
denpar,1shot,dentalgemma-1.5-4b-it,denpar_arch,Arch (Acc),0.605
denpar,1shot,dentalgemma-1.5-4b-it,denpar_count,Count (Acc),0.35
denpar,1shot,dentalgemma-1.5-4b-it,denpar_site,Site (Acc),0.35
denpar,1shot,gemini-2.0-flash,denpar_arch,Arch (Acc),0.96
denpar,1shot,gemini-2.0-flash,denpar_count,Count (Acc),0.57
denpar,1shot,gemini-2.0-flash,denpar_site,Site (Acc),0.515
denpar,1shot,gemini-2.5-flash,denpar_arch,Arch (Acc),0.965
denpar,1shot,gemini-2.5-flash,denpar_count,Count (Acc),0.61
denpar,1shot,gemini-2.5-flash,denpar_site,Site (Acc),0.603
denpar,1shot,gemma-4-E2B-it,denpar_arch,Arch (Acc),0.37
denpar,1shot,gemma-4-E2B-it,denpar_count,Count (Acc),0.5
denpar,1shot,gemma-4-E2B-it,denpar_site,Site (Acc),0.41
denpar,1shot,gemma-4-E4B-it,denpar_arch,Arch (Acc),0.365
denpar,1shot,gemma-4-E4B-it,denpar_count,Count (Acc),0.58
denpar,1shot,gemma-4-E4B-it,denpar_site,Site (Acc),0.555
denpar,1shot,medgemma-4b-it,denpar_arch,Arch (Acc),0.605
denpar,1shot,medgemma-4b-it,denpar_count,Count (Acc),0.355
denpar,1shot,medgemma-4b-it,denpar_site,Site (Acc),0.37
denpar,2shot,InternVL3_5-1B-HF,denpar_arch,Arch (Acc),0.415
denpar,2shot,InternVL3_5-1B-HF,denpar_count,Count (Acc),0.075
denpar,2shot,InternVL3_5-1B-HF,denpar_site,Site (Acc),0.35
denpar,2shot,InternVL3_5-2B-HF,denpar_arch,Arch (Acc),0.395
denpar,2shot,InternVL3_5-2B-HF,denpar_count,Count (Acc),0.0
denpar,2shot,InternVL3_5-2B-HF,denpar_site,Site (Acc),0.31
denpar,2shot,Lingshu-32B,denpar_arch,Arch (Acc),0.84
denpar,2shot,Lingshu-32B,denpar_count,Count (Acc),0.39
denpar,2shot,Lingshu-32B,denpar_site,Site (Acc),0.535
denpar,2shot,MedMO-8B-Next,denpar_arch,Arch (Acc),0.605
denpar,2shot,MedMO-8B-Next,denpar_count,Count (Acc),0.34
denpar,2shot,MedMO-8B-Next,denpar_site,Site (Acc),0.37
denpar,2shot,Qwen2.5-VL-7B-Instruct,denpar_arch,Arch (Acc),0.395
denpar,2shot,Qwen2.5-VL-7B-Instruct,denpar_count,Count (Acc),0.24
denpar,2shot,Qwen2.5-VL-7B-Instruct,denpar_site,Site (Acc),0.34
denpar,2shot,Qwen3-VL-4B-Instruct,denpar_arch,Arch (Acc),0.615
denpar,2shot,Qwen3-VL-4B-Instruct,denpar_count,Count (Acc),0.51
denpar,2shot,Qwen3-VL-4B-Instruct,denpar_site,Site (Acc),0.46
denpar,2shot,Qwen3.5-4B,denpar_arch,Arch (Acc),0.395
denpar,2shot,Qwen3.5-4B,denpar_count,Count (Acc),0.025
denpar,2shot,Qwen3.5-4B,denpar_site,Site (Acc),0.45
denpar,2shot,SmolVLM2-2.2B-Instruct,denpar_arch,Arch (Acc),0.605
denpar,2shot,SmolVLM2-2.2B-Instruct,denpar_count,Count (Acc),0.355
denpar,2shot,SmolVLM2-2.2B-Instruct,denpar_site,Site (Acc),0.375
denpar,2shot,dentalgemma-1.5-4b-it,denpar_arch,Arch (Acc),0.605
denpar,2shot,dentalgemma-1.5-4b-it,denpar_count,Count (Acc),0.15
denpar,2shot,dentalgemma-1.5-4b-it,denpar_site,Site (Acc),0.25
denpar,2shot,gemini-2.0-flash,denpar_arch,Arch (Acc),0.945
denpar,2shot,gemini-2.0-flash,denpar_count,Count (Acc),0.625
denpar,2shot,gemini-2.0-flash,denpar_site,Site (Acc),0.585
denpar,2shot,gemini-2.5-flash,denpar_arch,Arch (Acc),0.976
denpar,2shot,gemini-2.5-flash,denpar_count,Count (Acc),0.597
denpar,2shot,gemini-2.5-flash,denpar_site,Site (Acc),0.584
denpar,2shot,gemma-4-E2B-it,denpar_arch,Arch (Acc),0.325
denpar,2shot,gemma-4-E2B-it,denpar_count,Count (Acc),0.33
denpar,2shot,gemma-4-E2B-it,denpar_site,Site (Acc),0.365
denpar,2shot,gemma-4-E4B-it,denpar_arch,Arch (Acc),0.415
denpar,2shot,gemma-4-E4B-it,denpar_count,Count (Acc),0.585
denpar,2shot,gemma-4-E4B-it,denpar_site,Site (Acc),0.585
denpar,2shot,medgemma-4b-it,denpar_arch,Arch (Acc),0.385
denpar,2shot,medgemma-4b-it,denpar_count,Count (Acc),0.135
denpar,2shot,medgemma-4b-it,denpar_site,Site (Acc),0.395
denpar,baseline,InternVL3_5-1B-HF,denpar_arch,Arch (Acc),0.28
denpar,baseline,InternVL3_5-1B-HF,denpar_count,Count (Acc),0.09
denpar,baseline,InternVL3_5-1B-HF,denpar_site,Site (Acc),0.355
denpar,baseline,InternVL3_5-2B-HF,denpar_arch,Arch (Acc),0.395
denpar,baseline,InternVL3_5-2B-HF,denpar_count,Count (Acc),0.0
denpar,baseline,InternVL3_5-2B-HF,denpar_site,Site (Acc),0.27
denpar,baseline,Lingshu-32B,denpar_arch,Arch (Acc),0.595
denpar,baseline,Lingshu-32B,denpar_count,Count (Acc),0.35
denpar,baseline,Lingshu-32B,denpar_site,Site (Acc),0.565
denpar,baseline,MedMO-8B-Next,denpar_arch,Arch (Acc),0.61
denpar,baseline,MedMO-8B-Next,denpar_count,Count (Acc),0.23
denpar,baseline,MedMO-8B-Next,denpar_site,Site (Acc),0.365
denpar,baseline,Qwen2.5-VL-7B-Instruct,denpar_arch,Arch (Acc),0.4
denpar,baseline,Qwen2.5-VL-7B-Instruct,denpar_count,Count (Acc),0.36
denpar,baseline,Qwen2.5-VL-7B-Instruct,denpar_site,Site (Acc),0.44
denpar,baseline,Qwen3-VL-4B-Instruct,denpar_arch,Arch (Acc),0.44
denpar,baseline,Qwen3-VL-4B-Instruct,denpar_count,Count (Acc),0.64
denpar,baseline,Qwen3-VL-4B-Instruct,denpar_site,Site (Acc),0.4
denpar,baseline,Qwen3.5-4B,denpar_arch,Arch (Acc),0.395
denpar,baseline,Qwen3.5-4B,denpar_count,Count (Acc),0.025
denpar,baseline,Qwen3.5-4B,denpar_site,Site (Acc),0.3
denpar,baseline,SmolVLM2-2.2B-Instruct,denpar_arch,Arch (Acc),0.605
denpar,baseline,SmolVLM2-2.2B-Instruct,denpar_count,Count (Acc),0.355
denpar,baseline,SmolVLM2-2.2B-Instruct,denpar_site,Site (Acc),0.25
denpar,baseline,dentalgemma-1.5-4b-it,denpar_arch,Arch (Acc),0.605
denpar,baseline,dentalgemma-1.5-4b-it,denpar_count,Count (Acc),0.02
denpar,baseline,dentalgemma-1.5-4b-it,denpar_site,Site (Acc),0.28
denpar,baseline,gemini-2.0-flash,denpar_arch,Arch (Acc),0.84
denpar,baseline,gemini-2.0-flash,denpar_count,Count (Acc),0.615
denpar,baseline,gemini-2.0-flash,denpar_site,Site (Acc),0.545
denpar,baseline,gemini-2.5-flash,denpar_arch,Arch (Acc),0.99
denpar,baseline,gemini-2.5-flash,denpar_count,Count (Acc),0.555
denpar,baseline,gemini-2.5-flash,denpar_site,Site (Acc),0.56
denpar,baseline,gemma-4-E2B-it,denpar_arch,Arch (Acc),0.27
denpar,baseline,gemma-4-E2B-it,denpar_count,Count (Acc),0.44
denpar,baseline,gemma-4-E2B-it,denpar_site,Site (Acc),0.4
denpar,baseline,gemma-4-E4B-it,denpar_arch,Arch (Acc),0.395
denpar,baseline,gemma-4-E4B-it,denpar_count,Count (Acc),0.555
denpar,baseline,gemma-4-E4B-it,denpar_site,Site (Acc),0.52
denpar,baseline,medgemma-4b-it,denpar_arch,Arch (Acc),0.395
denpar,baseline,medgemma-4b-it,denpar_count,Count (Acc),0.355
denpar,baseline,medgemma-4b-it,denpar_site,Site (Acc),0.395
denpar,baseline,paligemma2-3b-mix-448,denpar_arch,Arch (Acc),0.0
denpar,baseline,paligemma2-3b-mix-448,denpar_count,Count (Acc),0.35
denpar,baseline,paligemma2-3b-mix-448,denpar_site,Site (Acc),0.35
denpar,sft,InternVL3_5-1B-HF,denpar_arch,Arch (Acc),0.99
denpar,sft,InternVL3_5-1B-HF,denpar_count,Count (Acc),0.705
denpar,sft,InternVL3_5-1B-HF,denpar_site,Site (Acc),0.685
denpar,sft,InternVL3_5-2B-HF,denpar_arch,Arch (Acc),1.0
denpar,sft,InternVL3_5-2B-HF,denpar_count,Count (Acc),0.75
denpar,sft,InternVL3_5-2B-HF,denpar_site,Site (Acc),0.735
denpar,sft,Lingshu-32B,denpar_arch,Arch (Acc),0.805
denpar,sft,Lingshu-32B,denpar_count,Count (Acc),0.34
denpar,sft,Lingshu-32B,denpar_site,Site (Acc),0.55
denpar,sft,MedMO-8B-Next,denpar_arch,Arch (Acc),0.425
denpar,sft,MedMO-8B-Next,denpar_count,Count (Acc),0.255
denpar,sft,MedMO-8B-Next,denpar_site,Site (Acc),0.25
denpar,sft,Qwen2.5-VL-7B-Instruct,denpar_arch,Arch (Acc),0.995
denpar,sft,Qwen2.5-VL-7B-Instruct,denpar_count,Count (Acc),0.71
denpar,sft,Qwen2.5-VL-7B-Instruct,denpar_site,Site (Acc),0.715
denpar,sft,Qwen3-VL-4B-Instruct,denpar_arch,Arch (Acc),1.0
denpar,sft,Qwen3-VL-4B-Instruct,denpar_count,Count (Acc),0.765
denpar,sft,Qwen3-VL-4B-Instruct,denpar_site,Site (Acc),0.87
denpar,sft,Qwen3.5-4B,denpar_arch,Arch (Acc),0.995
denpar,sft,Qwen3.5-4B,denpar_count,Count (Acc),0.47
denpar,sft,Qwen3.5-4B,denpar_site,Site (Acc),0.55
denpar,sft,SmolVLM2-2.2B-Instruct,denpar_arch,Arch (Acc),1.0
denpar,sft,SmolVLM2-2.2B-Instruct,denpar_count,Count (Acc),0.715
denpar,sft,SmolVLM2-2.2B-Instruct,denpar_site,Site (Acc),0.74
denpar,sft,dentalgemma-1.5-4b-it,denpar_arch,Arch (Acc),0.915
denpar,sft,dentalgemma-1.5-4b-it,denpar_count,Count (Acc),0.605
denpar,sft,dentalgemma-1.5-4b-it,denpar_site,Site (Acc),0.52
denpar,sft,gemma-4-E2B-it,denpar_arch,Arch (Acc),0.96
denpar,sft,gemma-4-E2B-it,denpar_count,Count (Acc),0.54
denpar,sft,gemma-4-E2B-it,denpar_site,Site (Acc),0.62
denpar,sft,gemma-4-E4B-it,denpar_arch,Arch (Acc),0.99
denpar,sft,gemma-4-E4B-it,denpar_count,Count (Acc),0.645
denpar,sft,gemma-4-E4B-it,denpar_site,Site (Acc),0.87
denpar,sft,medgemma-4b-it,denpar_arch,Arch (Acc),0.99
denpar,sft,medgemma-4b-it,denpar_count,Count (Acc),0.525
denpar,sft,medgemma-4b-it,denpar_site,Site (Acc),0.615
denpar,sft,paligemma2-3b-mix-448,denpar_arch,Arch (Acc),1.0
denpar,sft,paligemma2-3b-mix-448,denpar_count,Count (Acc),0.795
denpar,sft,paligemma2-3b-mix-448,denpar_site,Site (Acc),0.555
dentalcaries,1shot,InternVL3_5-1B-HF,caries_cls,Cls (Acc),0.08
dentalcaries,1shot,InternVL3_5-1B-HF,caries_detect,Detect (Acc),0.368
dentalcaries,1shot,InternVL3_5-2B-HF,caries_cls,Cls (Acc),0.062
dentalcaries,1shot,InternVL3_5-2B-HF,caries_detect,Detect (Acc),0.475
dentalcaries,1shot,Lingshu-32B,caries_cls,Cls (Acc),0.556
dentalcaries,1shot,Lingshu-32B,caries_detect,Detect (Acc),0.403
dentalcaries,1shot,MedMO-8B-Next,caries_cls,Cls (Acc),0.863
dentalcaries,1shot,MedMO-8B-Next,caries_detect,Detect (Acc),0.583
dentalcaries,1shot,Qwen2.5-VL-7B-Instruct,caries_cls,Cls (Acc),0.06
dentalcaries,1shot,Qwen2.5-VL-7B-Instruct,caries_detect,Detect (Acc),0.601
dentalcaries,1shot,Qwen3-VL-4B-Instruct,caries_cls,Cls (Acc),0.863
dentalcaries,1shot,Qwen3-VL-4B-Instruct,caries_detect,Detect (Acc),0.51
dentalcaries,1shot,Qwen3.5-4B,caries_cls,Cls (Acc),0.08
dentalcaries,1shot,Qwen3.5-4B,caries_detect,Detect (Acc),0.409
dentalcaries,1shot,SmolVLM2-2.2B-Instruct,caries_cls,Cls (Acc),0.863
dentalcaries,1shot,SmolVLM2-2.2B-Instruct,caries_detect,Detect (Acc),0.361
dentalcaries,1shot,dentalgemma-1.5-4b-it,caries_cls,Cls (Acc),0.854
dentalcaries,1shot,dentalgemma-1.5-4b-it,caries_detect,Detect (Acc),0.487
dentalcaries,1shot,gemini-2.0-flash,caries_cls,Cls (Acc),0.076
dentalcaries,1shot,gemini-2.0-flash,caries_detect,Detect (Acc),0.592
dentalcaries,1shot,gemini-2.5-flash,caries_cls,Cls (Acc),0.124
dentalcaries,1shot,gemini-2.5-flash,caries_detect,Detect (Acc),0.548
dentalcaries,1shot,gemma-4-E2B-it,caries_cls,Cls (Acc),0.637
dentalcaries,1shot,gemma-4-E2B-it,caries_detect,Detect (Acc),0.602
dentalcaries,1shot,gemma-4-E4B-it,caries_cls,Cls (Acc),0.854
dentalcaries,1shot,gemma-4-E4B-it,caries_detect,Detect (Acc),0.529
dentalcaries,1shot,medgemma-4b-it,caries_cls,Cls (Acc),0.836
dentalcaries,1shot,medgemma-4b-it,caries_detect,Detect (Acc),0.471
dentalcaries,2shot,InternVL3_5-1B-HF,caries_cls,Cls (Acc),0.08
dentalcaries,2shot,InternVL3_5-1B-HF,caries_detect,Detect (Acc),0.651
dentalcaries,2shot,InternVL3_5-2B-HF,caries_cls,Cls (Acc),0.058
dentalcaries,2shot,InternVL3_5-2B-HF,caries_detect,Detect (Acc),0.455
dentalcaries,2shot,Lingshu-32B,caries_cls,Cls (Acc),0.087
dentalcaries,2shot,Lingshu-32B,caries_detect,Detect (Acc),0.457
dentalcaries,2shot,MedMO-8B-Next,caries_cls,Cls (Acc),0.858
dentalcaries,2shot,MedMO-8B-Next,caries_detect,Detect (Acc),0.645
dentalcaries,2shot,Qwen2.5-VL-7B-Instruct,caries_cls,Cls (Acc),0.058
dentalcaries,2shot,Qwen2.5-VL-7B-Instruct,caries_detect,Detect (Acc),0.67
dentalcaries,2shot,Qwen3-VL-4B-Instruct,caries_cls,Cls (Acc),0.469
dentalcaries,2shot,Qwen3-VL-4B-Instruct,caries_detect,Detect (Acc),0.588
dentalcaries,2shot,Qwen3.5-4B,caries_cls,Cls (Acc),0.084
dentalcaries,2shot,Qwen3.5-4B,caries_detect,Detect (Acc),0.452
dentalcaries,2shot,SmolVLM2-2.2B-Instruct,caries_cls,Cls (Acc),0.863
dentalcaries,2shot,SmolVLM2-2.2B-Instruct,caries_detect,Detect (Acc),0.565
dentalcaries,2shot,dentalgemma-1.5-4b-it,caries_cls,Cls (Acc),0.062
dentalcaries,2shot,dentalgemma-1.5-4b-it,caries_detect,Detect (Acc),0.433
dentalcaries,2shot,gemini-2.0-flash,caries_cls,Cls (Acc),0.071
dentalcaries,2shot,gemini-2.0-flash,caries_detect,Detect (Acc),0.605
dentalcaries,2shot,gemma-4-E2B-it,caries_cls,Cls (Acc),0.058
dentalcaries,2shot,gemma-4-E2B-it,caries_detect,Detect (Acc),0.592
dentalcaries,2shot,gemma-4-E4B-it,caries_cls,Cls (Acc),0.761
dentalcaries,2shot,gemma-4-E4B-it,caries_detect,Detect (Acc),0.497
dentalcaries,2shot,medgemma-4b-it,caries_cls,Cls (Acc),0.058
dentalcaries,2shot,medgemma-4b-it,caries_detect,Detect (Acc),0.497
dentalcaries,baseline,InternVL3_5-1B-HF,caries_cls,Cls (Acc),0.062
dentalcaries,baseline,InternVL3_5-1B-HF,caries_detect,Detect (Acc),0.611
dentalcaries,baseline,InternVL3_5-2B-HF,caries_cls,Cls (Acc),0.058
dentalcaries,baseline,InternVL3_5-2B-HF,caries_detect,Detect (Acc),0.361
dentalcaries,baseline,Lingshu-32B,caries_cls,Cls (Acc),0.049
dentalcaries,baseline,Lingshu-32B,caries_detect,Detect (Acc),0.56
dentalcaries,baseline,MedMO-8B-Next,caries_cls,Cls (Acc),0.748
dentalcaries,baseline,MedMO-8B-Next,caries_detect,Detect (Acc),0.586
dentalcaries,baseline,Qwen2.5-VL-7B-Instruct,caries_cls,Cls (Acc),0.067
dentalcaries,baseline,Qwen2.5-VL-7B-Instruct,caries_detect,Detect (Acc),0.634
dentalcaries,baseline,Qwen3-VL-4B-Instruct,caries_cls,Cls (Acc),0.527
dentalcaries,baseline,Qwen3-VL-4B-Instruct,caries_detect,Detect (Acc),0.627
dentalcaries,baseline,Qwen3.5-4B,caries_cls,Cls (Acc),0.053
dentalcaries,baseline,Qwen3.5-4B,caries_detect,Detect (Acc),0.495
dentalcaries,baseline,SmolVLM2-2.2B-Instruct,caries_cls,Cls (Acc),0.863
dentalcaries,baseline,SmolVLM2-2.2B-Instruct,caries_detect,Detect (Acc),0.439
dentalcaries,baseline,dentalgemma-1.5-4b-it,caries_cls,Cls (Acc),0.058
dentalcaries,baseline,dentalgemma-1.5-4b-it,caries_detect,Detect (Acc),0.503
dentalcaries,baseline,gemini-2.0-flash,caries_cls,Cls (Acc),0.062
dentalcaries,baseline,gemini-2.0-flash,caries_detect,Detect (Acc),0.5
dentalcaries,baseline,gemini-2.5-flash,caries_cls,Cls (Acc),0.066
dentalcaries,baseline,gemini-2.5-flash,caries_detect,Detect (Acc),0.543
dentalcaries,baseline,gemma-4-E2B-it,caries_cls,Cls (Acc),0.058
dentalcaries,baseline,gemma-4-E2B-it,caries_detect,Detect (Acc),0.615
dentalcaries,baseline,gemma-4-E4B-it,caries_cls,Cls (Acc),0.217
dentalcaries,baseline,gemma-4-E4B-it,caries_detect,Detect (Acc),0.432
dentalcaries,baseline,medgemma-4b-it,caries_cls,Cls (Acc),0.058
dentalcaries,baseline,medgemma-4b-it,caries_detect,Detect (Acc),0.518
dentalcaries,baseline,paligemma2-3b-mix-448,caries_cls,Cls (Acc),0.0
dentalcaries,baseline,paligemma2-3b-mix-448,caries_detect,Detect (Acc),0.64
dentalcaries,sft,InternVL3_5-1B-HF,caries_cls,Cls (Acc),0.058
dentalcaries,sft,InternVL3_5-1B-HF,caries_detect,Detect (Acc),0.906
dentalcaries,sft,InternVL3_5-2B-HF,caries_cls,Cls (Acc),0.058
dentalcaries,sft,InternVL3_5-2B-HF,caries_detect,Detect (Acc),0.932
dentalcaries,sft,Lingshu-32B,caries_cls,Cls (Acc),0.058
dentalcaries,sft,Lingshu-32B,caries_detect,Detect (Acc),0.923
dentalcaries,sft,MedMO-8B-Next,caries_cls,Cls (Acc),0.058
dentalcaries,sft,MedMO-8B-Next,caries_detect,Detect (Acc),0.64
dentalcaries,sft,Qwen2.5-VL-7B-Instruct,caries_cls,Cls (Acc),0.058
dentalcaries,sft,Qwen2.5-VL-7B-Instruct,caries_detect,Detect (Acc),0.912
dentalcaries,sft,Qwen3-VL-4B-Instruct,caries_cls,Cls (Acc),0.058
dentalcaries,sft,Qwen3-VL-4B-Instruct,caries_detect,Detect (Acc),0.932
dentalcaries,sft,Qwen3.5-4B,caries_cls,Cls (Acc),0.509
dentalcaries,sft,Qwen3.5-4B,caries_detect,Detect (Acc),0.93
dentalcaries,sft,SmolVLM2-2.2B-Instruct,caries_cls,Cls (Acc),0.058
dentalcaries,sft,SmolVLM2-2.2B-Instruct,caries_detect,Detect (Acc),0.92
dentalcaries,sft,dentalgemma-1.5-4b-it,caries_cls,Cls (Acc),0.058
dentalcaries,sft,dentalgemma-1.5-4b-it,caries_detect,Detect (Acc),0.916
dentalcaries,sft,gemma-4-E2B-it,caries_cls,Cls (Acc),0.058
dentalcaries,sft,gemma-4-E2B-it,caries_detect,Detect (Acc),0.909
dentalcaries,sft,gemma-4-E4B-it,caries_cls,Cls (Acc),0.058
dentalcaries,sft,gemma-4-E4B-it,caries_detect,Detect (Acc),0.903
dentalcaries,sft,medgemma-4b-it,caries_cls,Cls (Acc),0.058
dentalcaries,sft,medgemma-4b-it,caries_detect,Detect (Acc),0.908
dentalcaries,sft,paligemma2-3b-mix-448,caries_cls,Cls (Acc),0.049
dentalcaries,sft,paligemma2-3b-mix-448,caries_detect,Detect (Acc),0.919
dr,1shot,InternVL3_5-1B-HF,dr_classification,DR Cls (F1w),0.61
dr,1shot,InternVL3_5-2B-HF,dr_classification,DR Cls (F1w),0.122
dr,1shot,Lingshu-32B,dr_classification,DR Cls (F1w),0.57
dr,1shot,MedMO-8B-Next,dr_classification,DR Cls (F1w),0.556
dr,1shot,Qwen2.5-VL-7B-Instruct,dr_classification,DR Cls (F1w),0.242
dr,1shot,Qwen3-VL-4B-Instruct,dr_classification,DR Cls (F1w),0.347
dr,1shot,Qwen3.5-4B,dr_classification,DR Cls (F1w),0.541
dr,1shot,SmolVLM2-2.2B-Instruct,dr_classification,DR Cls (F1w),0.556
dr,1shot,dentalgemma-1.5-4b-it,dr_classification,DR Cls (F1w),0.088
dr,1shot,gemini-2.5-flash,dr_classification,DR Cls (F1w),0.665
dr,1shot,gemma-4-E2B-it,dr_classification,DR Cls (F1w),0.228
dr,1shot,gemma-4-E4B-it,dr_classification,DR Cls (F1w),0.656
dr,1shot,medgemma-4b-it,dr_classification,DR Cls (F1w),0.609
dr,2shot,InternVL3_5-1B-HF,dr_classification,DR Cls (F1w),0.574
dr,2shot,InternVL3_5-2B-HF,dr_classification,DR Cls (F1w),0.138
dr,2shot,Lingshu-32B,dr_classification,DR Cls (F1w),0.556
dr,2shot,MedMO-8B-Next,dr_classification,DR Cls (F1w),0.556
dr,2shot,Qwen2.5-VL-7B-Instruct,dr_classification,DR Cls (F1w),0.265
dr,2shot,Qwen3-VL-4B-Instruct,dr_classification,DR Cls (F1w),0.245
dr,2shot,Qwen3.5-4B,dr_classification,DR Cls (F1w),0.533
dr,2shot,SmolVLM2-2.2B-Instruct,dr_classification,DR Cls (F1w),0.556
dr,2shot,dentalgemma-1.5-4b-it,dr_classification,DR Cls (F1w),0.088
dr,2shot,gemini-2.5-flash,dr_classification,DR Cls (F1w),0.681
dr,2shot,gemma-4-E2B-it,dr_classification,DR Cls (F1w),0.228
dr,2shot,gemma-4-E4B-it,dr_classification,DR Cls (F1w),0.636
dr,2shot,medgemma-4b-it,dr_classification,DR Cls (F1w),0.618
dr,baseline,InternVL3_5-1B-HF,dr_classification,DR Cls (F1w),0.621
dr,baseline,InternVL3_5-2B-HF,dr_classification,DR Cls (F1w),0.092
dr,baseline,Lingshu-32B,dr_classification,DR Cls (F1w),0.596
dr,baseline,MedMO-8B-Next,dr_classification,DR Cls (F1w),0.529
dr,baseline,Qwen2.5-VL-7B-Instruct,dr_classification,DR Cls (F1w),0.319
dr,baseline,Qwen3-VL-4B-Instruct,dr_classification,DR Cls (F1w),0.237
dr,baseline,Qwen3.5-4B,dr_classification,DR Cls (F1w),0.542
dr,baseline,SmolVLM2-2.2B-Instruct,dr_classification,DR Cls (F1w),0.556
dr,baseline,dentalgemma-1.5-4b-it,dr_classification,DR Cls (F1w),0.073
dr,baseline,gemini-2.5-flash,dr_classification,DR Cls (F1w),0.622
dr,baseline,gemma-4-E2B-it,dr_classification,DR Cls (F1w),0.245
dr,baseline,gemma-4-E4B-it,dr_classification,DR Cls (F1w),0.615
dr,baseline,medgemma-4b-it,dr_classification,DR Cls (F1w),0.57
dr,baseline,paligemma2-3b-mix-448,dr_classification,DR Cls (F1w),0.0
dr,sft,InternVL3_5-1B-HF,dr_classification,DR Cls (F1w),0.848
dr,sft,InternVL3_5-2B-HF,dr_classification,DR Cls (F1w),0.805
dr,sft,Lingshu-32B,dr_classification,DR Cls (F1w),0.787
dr,sft,MedMO-8B-Next,dr_classification,DR Cls (F1w),0.608
dr,sft,Qwen2.5-VL-7B-Instruct,dr_classification,DR Cls (F1w),0.773
dr,sft,Qwen3-VL-4B-Instruct,dr_classification,DR Cls (F1w),0.834
dr,sft,Qwen3.5-4B,dr_classification,DR Cls (F1w),0.557
dr,sft,SmolVLM2-2.2B-Instruct,dr_classification,DR Cls (F1w),0.735
dr,sft,dentalgemma-1.5-4b-it,dr_classification,DR Cls (F1w),0.75
dr,sft,gemma-4-E2B-it,dr_classification,DR Cls (F1w),0.743
dr,sft,gemma-4-E4B-it,dr_classification,DR Cls (F1w),0.78
dr,sft,medgemma-4b-it,dr_classification,DR Cls (F1w),0.799
dr,sft,paligemma2-3b-mix-448,dr_classification,DR Cls (F1w),0.581
metadent,1shot,InternVL3_5-1B-HF,captioning,Cap (BERT-F1),0.0
metadent,1shot,InternVL3_5-1B-HF,classification,Cls (F1),0.04
metadent,1shot,InternVL3_5-1B-HF,vqa,VQA (Acc),0.272
metadent,1shot,InternVL3_5-2B-HF,captioning,Cap (BERT-F1),0.0
metadent,1shot,InternVL3_5-2B-HF,classification,Cls (F1),0.126
metadent,1shot,InternVL3_5-2B-HF,vqa,VQA (Acc),0.236
metadent,1shot,Lingshu-32B,captioning,Cap (BERT-F1),0.18
metadent,1shot,Lingshu-32B,classification,Cls (F1),0.215
metadent,1shot,Lingshu-32B,vqa,VQA (Acc),0.616
metadent,1shot,MedMO-8B-Next,captioning,Cap (BERT-F1),0.157
metadent,1shot,MedMO-8B-Next,classification,Cls (F1),0.204
metadent,1shot,MedMO-8B-Next,vqa,VQA (Acc),0.55
metadent,1shot,Qwen2.5-VL-7B-Instruct,captioning,Cap (BERT-F1),0.174
metadent,1shot,Qwen2.5-VL-7B-Instruct,classification,Cls (F1),0.237
metadent,1shot,Qwen2.5-VL-7B-Instruct,vqa,VQA (Acc),0.55
metadent,1shot,Qwen3-VL-4B-Instruct,captioning,Cap (BERT-F1),0.216
metadent,1shot,Qwen3-VL-4B-Instruct,classification,Cls (F1),0.319
metadent,1shot,Qwen3-VL-4B-Instruct,vqa,VQA (Acc),0.609
metadent,1shot,Qwen3.5-4B,captioning,Cap (BERT-F1),0.123
metadent,1shot,Qwen3.5-4B,classification,Cls (F1),0.227
metadent,1shot,Qwen3.5-4B,vqa,VQA (Acc),0.737
metadent,1shot,SmolVLM2-2.2B-Instruct,captioning,Cap (BERT-F1),0.128
metadent,1shot,SmolVLM2-2.2B-Instruct,classification,Cls (F1),0.215
metadent,1shot,SmolVLM2-2.2B-Instruct,vqa,VQA (Acc),0.575
metadent,1shot,dentalgemma-1.5-4b-it,captioning,Cap (BERT-F1),0.015
metadent,1shot,dentalgemma-1.5-4b-it,classification,Cls (F1),0.129
metadent,1shot,dentalgemma-1.5-4b-it,vqa,VQA (Acc),0.543
metadent,1shot,gemini-2.0-flash,captioning,Cap (BERT-F1),0.197
metadent,1shot,gemini-2.0-flash,classification,Cls (F1),0.362
metadent,1shot,gemini-2.0-flash,vqa,VQA (Acc),0.639
metadent,1shot,gemma-4-E2B-it,captioning,Cap (BERT-F1),0.179
metadent,1shot,gemma-4-E2B-it,classification,Cls (F1),0.255
metadent,1shot,gemma-4-E2B-it,vqa,VQA (Acc),0.563
metadent,1shot,gemma-4-E4B-it,captioning,Cap (BERT-F1),0.19
metadent,1shot,gemma-4-E4B-it,classification,Cls (F1),0.319
metadent,1shot,gemma-4-E4B-it,vqa,VQA (Acc),0.585
metadent,1shot,medgemma-4b-it,captioning,Cap (BERT-F1),0.171
metadent,1shot,medgemma-4b-it,classification,Cls (F1),0.193
metadent,1shot,medgemma-4b-it,vqa,VQA (Acc),0.566
metadent,2shot,InternVL3_5-1B-HF,captioning,Cap (BERT-F1),0.0
metadent,2shot,InternVL3_5-1B-HF,classification,Cls (F1),0.085
metadent,2shot,InternVL3_5-1B-HF,vqa,VQA (Acc),0.322
metadent,2shot,InternVL3_5-2B-HF,captioning,Cap (BERT-F1),0.0
metadent,2shot,InternVL3_5-2B-HF,classification,Cls (F1),0.131
metadent,2shot,InternVL3_5-2B-HF,vqa,VQA (Acc),0.345
metadent,2shot,Lingshu-32B,captioning,Cap (BERT-F1),0.2
metadent,2shot,Lingshu-32B,classification,Cls (F1),0.093
metadent,2shot,Lingshu-32B,vqa,VQA (Acc),0.644
metadent,2shot,MedMO-8B-Next,captioning,Cap (BERT-F1),0.151
metadent,2shot,MedMO-8B-Next,classification,Cls (F1),0.198
metadent,2shot,MedMO-8B-Next,vqa,VQA (Acc),0.557
metadent,2shot,Qwen2.5-VL-7B-Instruct,captioning,Cap (BERT-F1),0.153
metadent,2shot,Qwen2.5-VL-7B-Instruct,classification,Cls (F1),0.214
metadent,2shot,Qwen2.5-VL-7B-Instruct,vqa,VQA (Acc),0.555
metadent,2shot,Qwen3-VL-4B-Instruct,captioning,Cap (BERT-F1),0.21
metadent,2shot,Qwen3-VL-4B-Instruct,classification,Cls (F1),0.283
metadent,2shot,Qwen3-VL-4B-Instruct,vqa,VQA (Acc),0.586
metadent,2shot,Qwen3.5-4B,captioning,Cap (BERT-F1),0.118
metadent,2shot,Qwen3.5-4B,classification,Cls (F1),0.398
metadent,2shot,Qwen3.5-4B,vqa,VQA (Acc),0.773
metadent,2shot,SmolVLM2-2.2B-Instruct,captioning,Cap (BERT-F1),0.106
metadent,2shot,SmolVLM2-2.2B-Instruct,classification,Cls (F1),0.16
metadent,2shot,SmolVLM2-2.2B-Instruct,vqa,VQA (Acc),0.536
metadent,2shot,dentalgemma-1.5-4b-it,captioning,Cap (BERT-F1),0.018
metadent,2shot,dentalgemma-1.5-4b-it,classification,Cls (F1),0.145
metadent,2shot,dentalgemma-1.5-4b-it,vqa,VQA (Acc),0.542
metadent,2shot,gemini-2.0-flash,captioning,Cap (BERT-F1),0.202
metadent,2shot,gemini-2.0-flash,classification,Cls (F1),0.353
metadent,2shot,gemini-2.0-flash,vqa,VQA (Acc),0.634
metadent,2shot,gemma-4-E2B-it,captioning,Cap (BERT-F1),0.174
metadent,2shot,gemma-4-E2B-it,classification,Cls (F1),0.188
metadent,2shot,gemma-4-E2B-it,vqa,VQA (Acc),0.558
metadent,2shot,gemma-4-E4B-it,captioning,Cap (BERT-F1),0.181
metadent,2shot,gemma-4-E4B-it,classification,Cls (F1),0.332
metadent,2shot,gemma-4-E4B-it,vqa,VQA (Acc),0.599
metadent,2shot,medgemma-4b-it,captioning,Cap (BERT-F1),0.166
metadent,2shot,medgemma-4b-it,classification,Cls (F1),0.136
metadent,2shot,medgemma-4b-it,vqa,VQA (Acc),0.554
metadent,baseline,InternVL3_5-1B-HF,captioning,Cap (BERT-F1),0.0
metadent,baseline,InternVL3_5-1B-HF,classification,Cls (F1),0.0
metadent,baseline,InternVL3_5-1B-HF,vqa,VQA (Acc),0.338
metadent,baseline,InternVL3_5-2B-HF,captioning,Cap (BERT-F1),0.0
metadent,baseline,InternVL3_5-2B-HF,classification,Cls (F1),0.0
metadent,baseline,InternVL3_5-2B-HF,vqa,VQA (Acc),0.147
metadent,baseline,Lingshu-32B,captioning,Cap (BERT-F1),0.177
metadent,baseline,Lingshu-32B,classification,Cls (F1),0.34
metadent,baseline,Lingshu-32B,vqa,VQA (Acc),0.632
metadent,baseline,MedMO-8B-Next,captioning,Cap (BERT-F1),0.089
metadent,baseline,MedMO-8B-Next,classification,Cls (F1),0.079
metadent,baseline,MedMO-8B-Next,vqa,VQA (Acc),0.487
metadent,baseline,Qwen2.5-VL-7B-Instruct,captioning,Cap (BERT-F1),0.149
metadent,baseline,Qwen2.5-VL-7B-Instruct,classification,Cls (F1),0.232
metadent,baseline,Qwen2.5-VL-7B-Instruct,vqa,VQA (Acc),0.445
metadent,baseline,Qwen3-VL-4B-Instruct,captioning,Cap (BERT-F1),0.205
metadent,baseline,Qwen3-VL-4B-Instruct,classification,Cls (F1),0.222
metadent,baseline,Qwen3-VL-4B-Instruct,vqa,VQA (Acc),0.578
metadent,baseline,Qwen3.5-4B,captioning,Cap (BERT-F1),0.105
metadent,baseline,Qwen3.5-4B,classification,Cls (F1),0.157
metadent,baseline,Qwen3.5-4B,vqa,VQA (Acc),0.817
metadent,baseline,SmolVLM2-2.2B-Instruct,captioning,Cap (BERT-F1),0.097
metadent,baseline,SmolVLM2-2.2B-Instruct,classification,Cls (F1),0.153
metadent,baseline,dentalgemma-1.5-4b-it,captioning,Cap (BERT-F1),0.0
metadent,baseline,dentalgemma-1.5-4b-it,classification,Cls (F1),0.194
metadent,baseline,dentalgemma-1.5-4b-it,vqa,VQA (Acc),0.165
metadent,baseline,gemini-2.0-flash,captioning,Cap (BERT-F1),0.182
metadent,baseline,gemini-2.0-flash,classification,Cls (F1),0.358
metadent,baseline,gemini-2.0-flash,vqa,VQA (Acc),0.627
metadent,baseline,gemini-2.5-flash,captioning,Cap (BERT-F1),0.144
metadent,baseline,gemini-2.5-flash,classification,Cls (F1),0.237
metadent,baseline,gemini-2.5-flash,vqa,VQA (Acc),0.656
metadent,baseline,gemma-4-E2B-it,captioning,Cap (BERT-F1),0.146
metadent,baseline,gemma-4-E2B-it,classification,Cls (F1),0.246
metadent,baseline,gemma-4-E2B-it,vqa,VQA (Acc),0.477
metadent,baseline,gemma-4-E4B-it,captioning,Cap (BERT-F1),0.18
metadent,baseline,gemma-4-E4B-it,classification,Cls (F1),0.308
metadent,baseline,gemma-4-E4B-it,vqa,VQA (Acc),0.591
metadent,baseline,medgemma-4b-it,captioning,Cap (BERT-F1),0.144
metadent,baseline,medgemma-4b-it,classification,Cls (F1),0.164
metadent,baseline,medgemma-4b-it,vqa,VQA (Acc),0.542
metadent,baseline,paligemma2-3b-mix-448,classification,Cls (F1),0.0
metadent,sft,InternVL3_5-1B-HF,vqa,VQA (Acc),0.602
metadent,sft,InternVL3_5-2B-HF,captioning,Cap (BERT-F1),0.262
metadent,sft,InternVL3_5-2B-HF,classification,Cls (F1),0.207
metadent,sft,InternVL3_5-2B-HF,vqa,VQA (Acc),0.647
metadent,sft,Lingshu-32B,captioning,Cap (BERT-F1),0.259
metadent,sft,Lingshu-32B,classification,Cls (F1),0.096
metadent,sft,Lingshu-32B,vqa,VQA (Acc),0.8
metadent,sft,MedMO-8B-Next,captioning,Cap (BERT-F1),0.241
metadent,sft,MedMO-8B-Next,classification,Cls (F1),0.0
metadent,sft,MedMO-8B-Next,vqa,VQA (Acc),0.756
metadent,sft,Qwen2.5-VL-7B-Instruct,captioning,Cap (BERT-F1),0.259
metadent,sft,Qwen2.5-VL-7B-Instruct,classification,Cls (F1),0.093
metadent,sft,Qwen2.5-VL-7B-Instruct,vqa,VQA (Acc),0.776
metadent,sft,Qwen3-VL-4B-Instruct,captioning,Cap (BERT-F1),0.272
metadent,sft,Qwen3-VL-4B-Instruct,classification,Cls (F1),0.286
metadent,sft,Qwen3-VL-4B-Instruct,vqa,VQA (Acc),0.714
metadent,sft,Qwen3.5-4B,captioning,Cap (BERT-F1),0.187
metadent,sft,Qwen3.5-4B,classification,Cls (F1),0.246
metadent,sft,Qwen3.5-4B,vqa,VQA (Acc),0.781
metadent,sft,SmolVLM2-2.2B-Instruct,captioning,Cap (BERT-F1),0.258
metadent,sft,SmolVLM2-2.2B-Instruct,classification,Cls (F1),0.059
metadent,sft,SmolVLM2-2.2B-Instruct,vqa,VQA (Acc),0.648
metadent,sft,dentalgemma-1.5-4b-it,captioning,Cap (BERT-F1),0.259
metadent,sft,dentalgemma-1.5-4b-it,classification,Cls (F1),0.28
metadent,sft,dentalgemma-1.5-4b-it,vqa,VQA (Acc),0.736
metadent,sft,gemma-4-E2B-it,captioning,Cap (BERT-F1),0.253
metadent,sft,gemma-4-E2B-it,classification,Cls (F1),0.246
metadent,sft,gemma-4-E2B-it,vqa,VQA (Acc),0.7
metadent,sft,gemma-4-E4B-it,captioning,Cap (BERT-F1),0.266
metadent,sft,gemma-4-E4B-it,classification,Cls (F1),0.241
metadent,sft,gemma-4-E4B-it,vqa,VQA (Acc),0.744
metadent,sft,medgemma-4b-it,captioning,Cap (BERT-F1),0.261
metadent,sft,medgemma-4b-it,classification,Cls (F1),0.226
metadent,sft,medgemma-4b-it,vqa,VQA (Acc),0.745
metadent,sft,paligemma2-3b-mix-448,captioning,Cap (BERT-F1),0.0
metadent,sft,paligemma2-3b-mix-448,classification,Cls (F1),0.003
metadent,sft,paligemma2-3b-mix-448,vqa,VQA (Acc),0.0
